Title,Budget,Year,Genre,Rating,LetterboxdRating,Letterboxd URI,Length,Actors
13 Sins,4000000,2014,Thriller|Horror,3.5,2.92,https://boxd.it/4Ste,93,Mark Webber|Devon Graye|Tom Bower
A Monster Calls,43000000,2016,Animation|Fantasy|Adventure|Family|Drama,5,3.7,https://boxd.it/7DjE,108,Lewis MacDougall|Sigourney Weaver|Felicity Jones
A Nightmare on Elm Street,1800000,1984,Horror,3.5,3.72,https://boxd.it/2aw0,91,Heather Langenkamp|Robert Englund|Johnny Depp
A Serbian Film,0,2010,Horror|Thriller|Crime,1.5,1.8,https://boxd.it/2wBc,104,Sr?an '�ika' Todorovi?|Sergej Trifunovi?|Jelena Gavrilovi?
Aladdin,28000000,1992,Adventure|Romance|Family|Fantasy|Animation,4,3.89,https://boxd.it/29yE,95,Scott Weinger|Robin Williams|Linda Larkin
Alien,10700000,1979,Horror|ScienceFiction,4.5,4.26,https://boxd.it/2awY,117,Tom Skerritt|Sigourney Weaver|Veronica Cartwright
Alien Resurrection,10700000,1997,ScienceFiction|Action|Horror,3,2.59,https://boxd.it/20zI,109,Sigourney Weaver|Winona Ryder|Dominique Pinon
Alien: Covenant,55000000,2017,ScienceFiction|Thriller|Horror,4.5,3.04,https://boxd.it/49UY,122,Michael Fassbender|Katherine Waterston|Billy Crudup
Alien³,55000000,1992,Horror|ScienceFiction|Action,3.5,2.82,https://boxd.it/20zS,114,Sigourney Weaver|Charles S. Dutton|Charles Dance
Aliens,17000000,1986,ScienceFiction|Horror|Thriller|Action,4,4.12,https://boxd.it/29PA,137,Sigourney Weaver|Carrie Henn|Michael Biehn
All Dogs Go to Heaven,13000000,1989,Family|Fantasy|Drama|Animation|Comedy,5,3.5,https://boxd.it/1TIo,89,Burt Reynolds|Dom DeLuise|Judith Barsi
American Pie,11000000,1999,Romance|Comedy,3,3.12,https://boxd.it/27qy,95,Jason Biggs|Chris Klein|Thomas Ian Nicholas
American Psycho,7000000,2000,Crime|Thriller|Horror|Drama,3.5,3.82,https://boxd.it/28Vs,102,Christian Bale|Justin Theroux|Josh Lucas
Annihilation,50000000,2018,Horror|ScienceFiction,3,3.57,https://boxd.it/9yzm,115,Natalie Portman|Jennifer Jason Leigh|Gina Rodriguez
Another Round,4600000,2020,Drama|Comedy,4,4.09,https://boxd.it/lkba,117,Mads Mikkelsen|Thomas Bo Larsen|Magnus Millang
Ant-Man,130000000,2015,Adventure|ScienceFiction|Action,3.5,3.22,https://boxd.it/3vmW,117,Paul Rudd|Michael Douglas|Evangeline Lilly
Arrival,47000000,2016,ScienceFiction|Mystery|Drama,4.5,4.13,https://boxd.it/aNGk,116,Amy Adams|Jeremy Renner|Forest Whitaker
As the Gods Will,0,2014,Horror|Thriller|Comedy,3.5,3.2,https://boxd.it/76T0,117,Sota Fukushi|Ryunosuke Kamiki|Hirona Yamazaki
Avatar,460000000,2009,Fantasy|ScienceFiction|Adventure|Action,3.5,3.64,https://boxd.it/1Efm,162,Sam Worthington|Zoe Salda�a|Sigourney Weaver
Avengers: Age of Ultron,365000000,2015,Action|Adventure|ScienceFiction,3,3.16,https://boxd.it/3qi6,141,Robert Downey Jr.|Chris Hemsworth|Mark Ruffalo
Avengers: Endgame,378000000,2019,ScienceFiction|Action|Adventure,4,3.9,https://boxd.it/9vE4,181,Robert Downey Jr.|Chris Evans|Mark Ruffalo
Avengers: Infinity War,362500000,2018,Action|ScienceFiction|Adventure,4,3.99,https://boxd.it/9vEe,149,Robert Downey Jr.|Chris Evans|Chris Hemsworth
Back to the Future,19000000,1985,Comedy|ScienceFiction|Adventure,4.5,4.2,https://boxd.it/2b8e,116,Michael J. Fox|Christopher Lloyd|Crispin Glover
Back to the Future Part II,40000000,1989,Comedy|ScienceFiction|Adventure,4,3.88,https://boxd.it/2aYI,108,Michael J. Fox|Christopher Lloyd|Lea Thompson
Back to the Future Part III,40000000,1990,ScienceFiction|Comedy|Adventure,3.5,3.55,https://boxd.it/2aTS,119,Michael J. Fox|Christopher Lloyd|Mary Steenburgen
Batman Begins,150000000,2005,Crime|Action|Drama,4.5,3.82,https://boxd.it/2aIg,140,Christian Bale|Michael Caine|Liam Neeson
Battle Royale,0,2000,Action|Thriller|Drama,4,3.86,https://boxd.it/25zS,113,Tatsuya Fujiwara|Aki Maeda|Takeshi Kitano
Being John Malkovich,13000000,1999,Comedy|Fantasy|Drama,5,4.07,https://boxd.it/2ahu,113,John Cusack|John Malkovich|Cameron Diaz
Black Mirror: Bandersnatch,0,2018,ScienceFiction|Thriller|Drama|TVMovie|Mystery,3.5,3.25,https://boxd.it/kTDG,90,Fionn Whitehead|Craig Parkinson|Alice Lowe
Black Mirror: Be Right Back,6600000,2013,Drama|Thriller|TVMovie|ScienceFiction,3.5,3.57,https://boxd.it/hRpw,48,Hayley Atwell|Domhnall Gleeson|Claire Keelan
Borat Subsequent Moviefilm,0,2020,Comedy,5,3.28,https://boxd.it/rNS0,96,Sacha Baron Cohen|Maria Bakalova|Tom Hanks
Borat: Cultural Learnings of America for Make Benefit Glorious Nation of Kazakhstan,18000000,2006,Comedy,5,3.73,https://boxd.it/2agQ,84,Sacha Baron Cohen|Ken Davitian|Luenell
Bruce Almighty,81000000,2003,Comedy|Fantasy,3.5,3.23,https://boxd.it/2aCC,101,Jim Carrey|Morgan Freeman|Jennifer Aniston
Captain America: The First Avenger,140000000,2011,ScienceFiction|Action|Adventure,3.5,3.3,https://boxd.it/28b0,124,Chris Evans|Hayley Atwell|Sebastian Stan
Carrie,30000000,2013,Drama|Horror,2.5,2.54,https://boxd.it/4kC2,100,Chlo� Grace Moretz|Julianne Moore|Gabriella Wilde
Chernobyl,40000000,2019,Drama,4.5,4.59,https://boxd.it/mkbG,327,Jared Harris|Stellan Skarsg�rd|Emily Watson
Children of Men,76000000,2006,Action|Drama|ScienceFiction|Thriller,3,4.3,https://boxd.it/1Y2i,109,Clive Owen|Clare-Hope Ashitey|Chiwetel Ejiofor
Circle,0,2015,Thriller|Mystery|ScienceFiction|Horror|Drama,3.5,2.56,https://boxd.it/b5So,86,Julie Benz|Carter Jenkins|Cesar Garcia
Constantine,75000000,2005,Fantasy|Action|Horror,4.5,3.39,https://boxd.it/2a7E,121,Keanu Reeves|Rachel Weisz|Shia LaBeouf
Cube,250000,1997,Thriller|ScienceFiction|Mystery,4.5,3.27,https://boxd.it/2aoU,90,Nicole de Boer|Nicky Guadagni|Maurice Dean Wint
Cube 2: Hypercube,1400000,2002,Thriller|ScienceFiction|Mystery,3.5,2.28,https://boxd.it/2anW,94,Kari Matchett|Geraint Wyn Davies|Grace Lynn Kung
Cube Zero,0,2004,Mystery|ScienceFiction|Thriller,3.5,2.43,https://boxd.it/2anM,97,Zachary Bennett|Stephanie Moore|Michael Riley
Deja Vu,75000000,2006,ScienceFiction|Action|Thriller,3.5,3.42,https://boxd.it/20PQ,126,Denzel Washington|Paula Patton|Val Kilmer
DAHMER - Monster: The Jeffrey Dahmer Story,0,2022,Drama|Crime,4.5,3.61,https://boxd.it/CRG0,534,Evan Peters|Richard Jenkins|Molly Ringwald
Deadpool,58000000,2016,Action|Comedy|Adventure,4,3.68,https://boxd.it/9fOC,108,Ryan Reynolds|Morena Baccarin|Ed Skrein
Deadpool & Wolverine,200000000,2024,ScienceFiction|Action|Comedy,4,3.48,https://boxd.it/jq8s,128,Ryan Reynolds|Hugh Jackman|Emma Corrin
Deadpool 2,110000000,2018,Action|Comedy|Adventure,4,3.48,https://boxd.it/dlLM,120,Ryan Reynolds|Josh Brolin|Morena Baccarin
Death Note,0,2006,Animation|Mystery,5,4.37,https://boxd.it/psEs,851,Mamoru Miyano|Shido Nakamura|Aya Hirano
Detachment,0,2011,Drama,4.5,3.87,https://boxd.it/2BiY,98,Adrien Brody|Marcia Gay Harden|James Caan
Devil,10000000,2010,Horror|Thriller|Mystery,0,2.66,https://boxd.it/SX6,80,Chris Messina|Bojana Novakovi?|Jenny O'Hara
Doctor Strange,165000000,2016,Action|Adventure|Fantasy,4,3.46,https://boxd.it/8MH8,115,Benedict Cumberbatch|Chiwetel Ejiofor|Rachel McAdams
Don't Breathe,10000000,2016,Thriller|Horror,4,3.32,https://boxd.it/9yzw,89,Stephen Lang|Jane Levy|Dylan Minnette
Doom,70000000,2005,ScienceFiction|Horror|Action,3,2.06,https://boxd.it/1ZOW,105,Dwayne Johnson|Karl Urban|Rosamund Pike
Dudes Again!,0,2023,Comedy,2.5,2.64,https://boxd.it/Bj5i,90,Nikola ?uri?ko|Sergej Trifunovi?|Boris Milivojevi?
Dudes!,0,2001,Comedy,4,3.82,https://boxd.it/1xCI,90,Boris Milivojevi?|Sergej Trifunovi?|Maja Mand�uka
Dune,165000000,2021,ScienceFiction|Adventure,4,3.88,https://boxd.it/fA7G,155,Timoth�e Chalamet|Rebecca Ferguson|Oscar Isaac
Dune: Part Two,190000000,2024,Adventure|ScienceFiction,4.5,4.4,https://boxd.it/pUfA,167,Timoth�e Chalamet|Zendaya|Rebecca Ferguson
Edge of Tomorrow,178000000,2014,ScienceFiction|Action,4,3.76,https://boxd.it/4pD0,114,Tom Cruise|Emily Blunt|Bill Paxton
El Camino: A Breaking Bad Movie,6000000,2019,Crime|Drama|Thriller,3.5,3.57,https://boxd.it/kv0q,123,Aaron Paul|Jesse Plemons|Charles Baker
ERASED,0,2016,Drama|Mystery|Animation,5,4.12,https://boxd.it/px1A,287,Shinnosuke Mitsushima|Tao Tsuchiya|Minami Takayama
Ergo Proxy,0,2006,Mystery|Animation,4.5,4.08,https://boxd.it/pDni,575,Rie Saitou|Koji Yusa|Akiko Yajima
Everything Everywhere All at Once,25000000,2022,ScienceFiction|Adventure|Comedy|Action,5,4.28,https://boxd.it/jUk4,140,Michelle Yeoh|Stephanie Hsu|Ke Huy Quan
Evil Dead,17000000,2013,Horror,3.5,3.39,https://boxd.it/3GPq,91,Jane Levy|Shiloh Fernandez|Lou Taylor Pucci
Ex Machina,13000000,2015,ScienceFiction|Drama,4,3.97,https://boxd.it/7T2k,108,Domhnall Gleeson|Alicia Vikander|Oscar Isaac
Exam,600000,2009,Mystery|Thriller,3,2.91,https://boxd.it/1mn8,97,Luke Mably|Chukwudi Iwuji|Adar Beck
Fight Club,64000000,1999,Drama,4.5,4.27,https://boxd.it/2a9q,139,Edward Norton|Brad Pitt|Helena Bonham Carter
Final Destination,23000000,2000,Horror,4,3.17,https://boxd.it/1YrC,98,Devon Sawa|Ali Larter|Kerr Smith
Final Destination 2,26000000,2003,Mystery|Horror,3,2.91,https://boxd.it/1YSS,90,A. J. Cook|Ali Larter|Michael Landes
Final Destination 3,25000000,2006,Mystery|Horror,3.5,3.04,https://boxd.it/1Z40,93,Mary Elizabeth Winstead|Ryan Merriman|Kris Lemche
Final Destination 5,40000000,2011,Horror|Mystery,3,2.79,https://boxd.it/r1k,92,Nicholas D'Agosto|Emma Bell|Miles Fisher
Finding Nemo,94000000,2003,Animation|Family,4.5,4.04,https://boxd.it/72i,100,Albert Brooks|Ellen DeGeneres|Alexander Gould
Five Nights at Freddy's,20000000,2023,Horror|Mystery,2,2.56,https://boxd.it/ikHu,110,Josh Hutcherson|Piper Rubio|Elizabeth Lail
Forrest Gump,55000000,1994,Drama|Comedy|Romance,4.5,4.15,https://boxd.it/728,142,Tom Hanks|Robin Wright|Gary Sinise
Freddy vs. Jason,25000000,2003,Horror,2,2.72,https://boxd.it/21FC,97,Robert Englund|Ken Kirzinger|Monica Keena
Friday the 13th,550000,1980,Horror,3.5,3,https://boxd.it/24fs,95,Betsy Palmer|Adrienne King|Jeannine Taylor
Frozen,150000000,2013,Fantasy|Animation|Adventure|Family,3,3.44,https://boxd.it/3GNa,102,Kristen Bell|Idina Menzel|Jonathan Groff
Frozen Stiff,0,2002,Drama|Comedy,4.5,3.84,https://boxd.it/1Mtc,90,Nikola ?uri?ko|Sonja Kola?ari?|Tara Mani?
GANTZ:O,0,2016,ScienceFiction|Animation|Action,4,3.35,https://boxd.it/dRTI,95,Yuki Kaji|Daisuke Ono|Saori Hayami
Ghost in the Shell,0,1995,Animation|ScienceFiction|Action,4,4.09,https://boxd.it/1YYc,83,Atsuko Tanaka|Akio Otsuka|Iemasa Kayumi
Ghost in the Shell,110000000,2017,Drama|Action|ScienceFiction,3,2.6,https://boxd.it/abTA,107,Scarlett Johansson|Takeshi Kitano|Michael Pitt
Ghost Rider,120000000,2007,Fantasy|Thriller|Action,3.5,2.42,https://boxd.it/290M,114,Nicolas Cage|Eva Mendes|Sam Elliott
Ghost Rider: Spirit of Vengeance,50000000,2011,Action|Thriller|Fantasy,2.5,1.87,https://boxd.it/2qne,96,Nicolas Cage|Fergus Riordan|Violante Placido
Gravity,110000000,2013,Thriller|Drama|ScienceFiction,3.5,3.51,https://boxd.it/GZY,91,Sandra Bullock|George Clooney|Ed Harris
Green Lantern,200000000,2011,Thriller|Action|Adventure|ScienceFiction,2.5,1.57,https://boxd.it/QN4,114,Ryan Reynolds|Blake Lively|Peter Sarsgaard
Guardians of the Galaxy,170000000,2014,Adventure|Action|ScienceFiction,4,3.8,https://boxd.it/3VH2,121,Chris Pratt|Zoe Salda�a|Dave Bautista
Guardians of the Galaxy Vol. 2,200000000,2017,Action|ScienceFiction|Adventure,3.5,3.53,https://boxd.it/8MxC,137,Chris Pratt|Zoe Salda�a|Dave Bautista
Guardians of the Galaxy Vol. 3,250000000,2023,Action|Adventure|ScienceFiction,4,3.95,https://boxd.it/fVNI,150,Chris Pratt|Zoe Salda�a|Dave Bautista
Hellbound: Hellraiser II,6000000,1988,Horror|Fantasy|Thriller,4,3.24,https://boxd.it/1ZfW,97,Ashley Laurence|Clare Higgins|Kenneth Cranham
Hellraiser,1000000,1987,Horror|Fantasy|Thriller,5,3.53,https://boxd.it/1Zpi,94,Clare Higgins|Ashley Laurence|Sean Chapman
Hellraiser III: Hell on Earth,5000000,1992,Thriller|Horror,3,2.74,https://boxd.it/1TwW,93,Terry Farrell|Doug Bradley|Kevin Bernhardt
Hellraiser: Bloodline,4000000,1996,Horror|ScienceFiction,3,2.38,https://boxd.it/1ZSk,86,Bruce Ramsay|Valentina Vargas|Doug Bradley
Hellraiser: Deader,2000000,2005,Thriller|Horror|Mystery,3,1.81,https://boxd.it/1IEA,89,Kari Wuhrer|Paul Rhys|Simon Kunz
Hellraiser: Hellseeker,5000000,2002,Thriller|Horror|Mystery,3,2.03,https://boxd.it/1Uh4,89,Dean Winters|Ashley Laurence|Rachel Hayward
Hellraiser: Hellworld,5000000,2005,Fantasy|ScienceFiction|Horror,3,1.9,https://boxd.it/1Rom,95,Katheryn Winnick|Christopher Jacot|Henry Cavill
Hellraiser: Inferno,2000000,2000,Mystery|Horror|Fantasy,4,2.38,https://boxd.it/1RCe,100,Craig Sheffer|Nicholas Turturro|James Remar
Hellraiser: Revelations,300000,2011,Horror,3,1.31,https://boxd.it/2ta8,75,Steven Brand|Nick Eversman|Tracey Fairaway
Help! I'm a Fish,18000000,2000,Family|Animation|Adventure|Comedy|Drama,4,3.41,https://boxd.it/1RAs,80,Sebastian Jessen|Pil Neja|Morten Kerrn Nielsen
Hercules,85000000,1997,Animation|Adventure|Romance|Comedy|Fantasy|Family,5,3.82,https://boxd.it/1SDW,93,Tate Donovan|Josh Keaton|Roger Bart
Horton Hears a Who!,85000000,2008,Animation|Comedy|Family|Adventure|Fantasy,3.5,3.07,https://boxd.it/1SfA,86,Jim Carrey|Steve Carell|Carol Burnett
Hostel,4800000,2005,Horror,3.5,2.73,https://boxd.it/28ig,94,Jay Hernandez|Derek Richardson|Eythor Gudjonsson
How High,12000000,2001,Comedy,4,2.99,https://boxd.it/20fo,93,Method Man|Redman|Obba Babatund�
Hulk,137000000,2003,ScienceFiction|Adventure|Action,3,2.42,https://boxd.it/27PS,138,Eric Bana|Jennifer Connelly|Sam Elliott
I Am Legend,150000000,2007,Thriller|Drama|ScienceFiction,3.5,3.42,https://boxd.it/21DG,101,Will Smith|Alice Braga|Charlie Tahan
I Origins,1000000,2014,Drama|ScienceFiction,4.5,3.66,https://boxd.it/7aRM,106,Michael Pitt|Brit Marling|Astrid Berg�s-Frisbey
Ice Age,59000000,2002,Comedy|Adventure|Family|Animation,4,3.56,https://boxd.it/2apS,81,Ray Romano|John Leguizamo|Denis Leary
Ice Age: Dawn of the Dinosaurs,90000000,2009,Comedy|Adventure|Family|Animation,4,3.18,https://boxd.it/20iC,94,Ray Romano|John Leguizamo|Denis Leary
Ice Age: The Meltdown,75000000,2006,Adventure|Comedy|Family|Animation,3,3.12,https://boxd.it/2wRk,91,Ray Romano|John Leguizamo|Denis Leary
Idiocracy,2400000,2006,ScienceFiction|Comedy|Adventure,3.5,2.96,https://boxd.it/20RW,84,Luke Wilson|Maya Rudolph|Dax Shepard
Inception,160000000,2010,Action|Adventure|ScienceFiction,5,4.21,https://boxd.it/1skk,148,Leonardo DiCaprio|Joseph Gordon-Levitt|Ken Watanabe
Indiana Jones and the Dial of Destiny,387200000,2023,Action|Adventure,4,2.91,https://boxd.it/b8vM,155,Harrison Ford|Phoebe Waller-Bridge|Mads Mikkelsen
Indiana Jones and the Kingdom of the Crystal Skull,185000000,2008,Action|Adventure,3,2.73,https://boxd.it/2aR8,122,Harrison Ford|Cate Blanchett|Karen Allen
Indiana Jones and the Last Crusade,48000000,1989,Adventure|Action,4,4.1,https://boxd.it/2baO,127,Harrison Ford|Sean Connery|Denholm Elliott
Indiana Jones and the Temple of Doom,28170000,1984,Action|Adventure,4,3.65,https://boxd.it/2bb8,118,Harrison Ford|Kate Capshaw|Ke Huy Quan
Insidious,16500000,2010,Horror|Thriller,3.5,3.23,https://boxd.it/H4k,102,Patrick Wilson|Rose Byrne|Lin Shaye
Insidious: Chapter 2,10000000,2013,Horror|Thriller,3,3.02,https://boxd.it/3dqc,106,Patrick Wilson|Rose Byrne|Lin Shaye
Interstellar,165000000,2014,ScienceFiction|Drama|Adventure,5,4.41,https://boxd.it/4VZ8,169,Matthew McConaughey|Anne Hathaway|Michael Caine
Iron Man,186000000,2008,Adventure|ScienceFiction|Action,4,3.73,https://boxd.it/28dA,126,Robert Downey Jr.|Terrence Howard|Jeff Bridges
Iron Man 2,170000000,2010,Adventure|ScienceFiction|Action,3,2.92,https://boxd.it/1WZM,124,Robert Downey Jr.|Gwyneth Paltrow|Don Cheadle
Iron Man 3,200000000,2013,Action|Adventure|ScienceFiction,3,3.04,https://boxd.it/2cBQ,130,Robert Downey Jr.|Gwyneth Paltrow|Don Cheadle
It,35000000,2017,Thriller|Horror,4,3.43,https://boxd.it/bC8e,135,Jaeden Martell|Sophia Lillis|Jack Dylan Grazer
It Chapter Two,79000000,2019,Horror|Thriller,2.5,2.9,https://boxd.it/h10u,169,James McAvoy|Jessica Chastain|Bill Hader
It Follows,1300000,2014,Horror|Mystery,4,3.45,https://boxd.it/87wo,101,Maika Monroe|Keir Gilchrist|Daniel Zovatto
Jet Set,0,2007,Animation,5,3.82,https://boxd.it/65Tw,40,�eljko Savi?|Marko Gizdavi?
Jigsaw,10000000,2017,Mystery|Thriller|Horror,3,2.42,https://boxd.it/9sDs,91,Matt Passmore|Tobin Bell|Callum Keith Rennie
Joker,62500000,2019,Crime|Drama|Thriller,4.5,3.84,https://boxd.it/h4cS,122,Joaquin Phoenix|Robert De Niro|Zazie Beetz
Kick-Ass,29000000,2010,Crime|Action,4.5,3.51,https://boxd.it/1zaQ,117,Aaron Taylor-Johnson|Chlo� Grace Moretz|Nicolas Cage
Kick-Ass 2,28000000,2013,Action|Crime|Adventure,4,2.76,https://boxd.it/hqu,103,Aaron Taylor-Johnson|Chlo� Grace Moretz|Christopher Mintz-Plasse
Kingsman: The Secret Service,81000000,2014,Comedy|Crime|Adventure|Action,4,3.74,https://boxd.it/6dxe,129,Taron Egerton|Colin Firth|Samuel L. Jackson
Kirikou and the Sorceress,3900000,1998,Animation|Fantasy|Family|Adventure,4.5,3.97,https://boxd.it/1C3y,71,Doudou Gueye Thiaw|Maimouna N'Diaye|Awa S�ne Sarr
Knowing,50000000,2009,Mystery|ScienceFiction|Thriller|Action,3,2.69,https://boxd.it/1Pmy,121,Nicolas Cage|Rose Byrne|Chandler Canterbury
Limitless,27000000,2011,Thriller|ScienceFiction|Mystery,4.5,3.33,https://boxd.it/Aly,105,Bradley Cooper|Robert De Niro|Abbie Cornish
Logan,97000000,2017,Drama|ScienceFiction|Action,4.5,4.12,https://boxd.it/7Piy,137,Hugh Jackman|Dafne Keen|Patrick Stewart
Looper,30000000,2012,ScienceFiction|Thriller|Action,4,3.57,https://boxd.it/ham,118,Joseph Gordon-Levitt|Bruce Willis|Emily Blunt
"Love, Death & Robots: All Through the House",0,2021,Animation|Fantasy|ScienceFiction,3.5,3.42,https://boxd.it/vhXA,7,Sami Amber|Fred Tatasciore
"Love, Death & Robots: Alternate Histories",0,2019,Animation|Fantasy|ScienceFiction,2.5,2.78,https://boxd.it/lJHg,7,Rebecca Riedy|Dieter Jansen|Scott Whyte
"Love, Death & Robots: Automated Customer Service",0,2021,ScienceFiction|Animation|Fantasy,2,2.91,https://boxd.it/vhLk,12,Nancy Linari|Ben Giroux|Brian Keane
"Love, Death & Robots: Bad Travelling",0,2022,Mystery|Thriller|Adventure|Drama|Fantasy|Horror|Animation|Action,4.5,4.16,https://boxd.it/BykM,21,Troy Baker|Kevin Jackson|Fred Tatasciore
"Love, Death & Robots: Beyond the Aquila Rift",0,2019,Animation|Drama,4.5,3.47,https://boxd.it/lGTe,16,
"Love, Death & Robots: Blindspot",0,2019,,2.5,2.77,https://boxd.it/lJH6,8,
"Love, Death & Robots: Fish Night",0,2019,,3.5,3.16,https://boxd.it/lJGs,10,
"Love, Death & Robots: Good Hunting",0,2019,,3.5,3.59,https://boxd.it/lJFO,17,
"Love, Death & Robots: Helping Hand",0,2019,,3,3.23,https://boxd.it/lJGW,10,
"Love, Death & Robots: Ice",0,2021,Animation|Adventure|Action,4,3.19,https://boxd.it/vhLu,13,Sebastian Croft|Archie Madekwe|Beatriz Godinho
"Love, Death & Robots: Ice Age",0,2019,Animation|Fantasy|ScienceFiction,3,3,https://boxd.it/lJG8,10,Mary Elizabeth Winstead|Topher Grace|John DiMaggio
"Love, Death & Robots: In Vaulted Halls Entombed",0,2022,,4,3.16,https://boxd.it/AW7A,15,
"Love, Death & Robots: Jibaro",0,2022,Horror|Animation|Adventure,5,4.14,https://boxd.it/EqO6,17,Girvan 'Swirv' Bramble
"Love, Death & Robots: Kill Team Kill",0,2022,,3,2.85,https://boxd.it/AW6M,13,
"Love, Death & Robots: Life Hutch",0,2021,Fantasy|ScienceFiction|Animation,2.5,2.8,https://boxd.it/vdRe,13,Michael B. Jordan|Michelle Bonilla|Brian T. Delaney
"Love, Death & Robots: Lucky 13",0,2019,Fantasy|ScienceFiction|Animation,3,3.09,https://boxd.it/lJGC,14,Samira Wiley|Daisuke Tsuji|Nestor Serrano
"Love, Death & Robots: Mason's Rats",0,2022,Animation|Fantasy|ScienceFiction,4,3.49,https://boxd.it/AW76,10,Craig Ferguson|Dan Stevens
"Love, Death & Robots: Night of the Mini Dead",0,2022,Animation|Fantasy|ScienceFiction,3,3.46,https://boxd.it/AW6s,7,
"Love, Death & Robots: Pop Squad",0,2021,Fantasy|Animation|ScienceFiction,4,3.77,https://boxd.it/vhLE,18,Nolan North|Elodie Yung|Emily O'Brien
"Love, Death & Robots: Shape-Shifters",0,2019,Fantasy|Animation|ScienceFiction,2.5,3.02,https://boxd.it/lJFY,16,Graham Hamilton|Adam Bartley|Jim Pirri
"Love, Death & Robots: Snow in the Desert",0,2021,Animation|ScienceFiction|Fantasy,3,3.36,https://boxd.it/vhLO,18,Peter Franz�n|Zita Hanrot|Ala�s Lawson
"Love, Death & Robots: Sonnie's Edge",0,2019,Comedy|Animation|Fantasy,3,3.6,https://boxd.it/lECg,15,Helen Sadler|Hayley McLaughlin|Time Winters
"Love, Death & Robots: Sucker of Souls",0,2019,Animation|Fantasy|ScienceFiction,3.5,2.99,https://boxd.it/lFOW,15,Michael Benyaer|Fred Tatasciore|Laura Waddell
"Love, Death & Robots: Suits",0,2019,Animation|Fantasy|ScienceFiction,3,3.26,https://boxd.it/lFOM,17,G.K. Bowes|Scott Whyte|Courtenay Taylor
"Love, Death & Robots: Swarm",0,2022,Animation|Fantasy|ScienceFiction,4,2.94,https://boxd.it/AW84,17,Rosario Dawson|Jason George|Fred Tatasciore
"Love, Death & Robots: The Drowned Giant",0,2021,Animation|Fantasy|ScienceFiction,3.5,3.48,https://boxd.it/vdRo,13,Steven Pacey|Nick Boraine|Kayli Tran
"Love, Death & Robots: The Dump",0,2019,Animation|Fantasy|ScienceFiction,3.5,2.67,https://boxd.it/lJGi,10,Nolan North|Andr� Sogliuzzo|Gary Cole
"Love, Death & Robots: The Secret War",0,2019,Fantasy|ScienceFiction|Animation,3.5,3.51,https://boxd.it/lN0g,16,Stefan Kapi?i?|Bruce Thomas|Antonio Alvarez
"Love, Death & Robots: The Tall Grass",0,2021,Animation|Fantasy|ScienceFiction,3.5,3.32,https://boxd.it/vdQU,11,Joe Dempsie|Steven Pacey
"Love, Death & Robots: The Very Pulse of the Machine",0,2022,Fantasy|ScienceFiction|Animation,3.5,3.39,https://boxd.it/AW5O,17,Mackenzie Davis|David Shatraw
"Love, Death & Robots: The Witness",0,2019,ScienceFiction|Fantasy|Animation,5,3.85,https://boxd.it/lFO8,15,Emily O'Brien|Ben Sullivan|Matthew Yang King
"Love, Death & Robots: Three Robots",0,2019,Animation|Fantasy|ScienceFiction,3.5,3.61,https://boxd.it/lECK,15,Josh Brener|Gary Anthony Williams|Chris Parnell
"Love, Death & Robots: Three Robots: Exit Strategies",0,2022,Animation|ScienceFiction|Fantasy,3.5,3.27,https://boxd.it/AVpy,11,Josh Brener|Gary Anthony Williams|Katie Lowes
"Love, Death & Robots: When the Yogurt Took Over",0,2019,Fantasy|Animation|ScienceFiction,3.5,3.19,https://boxd.it/lFSY,6,Maurice LaMarche|Alexia Dox
"Love, Death & Robots: Zima Blue",0,2019,Animation|ScienceFiction|Fantasy,5,4.2,https://boxd.it/lJGM,10,Kevin Michael Richardson|Emma Thornett
Madagascar,75000000,2005,Family|Adventure|Comedy|Animation,4.5,3.54,https://boxd.it/29dc,86,Ben Stiller|Chris Rock|David Schwimmer
Maze Runner: The Scorch Trials,61000000,2015,Thriller|ScienceFiction|Action|Adventure,2,3.02,https://boxd.it/9hwA,131,Dylan O'Brien|Kaya Scodelario|Thomas Brodie-Sangster
Megan Is Missing,32500,2011,Horror|Drama|Thriller,0.5,1.65,https://boxd.it/sKJG,86,Amber Perkins|Rachel Quinn|Dean Waite
Memento,9000000,2000,Mystery|Thriller,4.5,4.17,https://boxd.it/2bcK,113,Guy Pearce|Carrie-Anne Moss|Joe Pantoliano
Monsters University,200000000,2013,Animation|Family,4,3.44,https://boxd.it/bQm,104,Billy Crystal|John Goodman|Steve Buscemi
"Monsters, Inc.",115000000,2001,Comedy|Animation|Family,4.5,4.08,https://boxd.it/2a46,92,John Goodman|Billy Crystal|Mary Gibbs
Mr. Nobody,47000000,2009,Romance|Drama|ScienceFiction,4.5,3.68,https://boxd.it/1k44,141,Jared Leto|Sarah Polley|Diane Kruger
My Neighbor Totoro,236675000,1988,Fantasy|Animation|Family,5,4.19,https://boxd.it/20eA,86,Noriko Hidaka|Chika Sakamoto|Hitoshi Takagi
National Treasure,100000000,2004,Thriller|Mystery|Adventure|Action,,3.3,https://boxd.it/27x0,131,Nicolas Cage|Diane Kruger|Justin Bartha
National Treasure: Book of Secrets,130000000,2007,Action|Thriller|Adventure|Mystery,,2.97,https://boxd.it/21rq,124,Nicolas Cage|Diane Kruger|Justin Bartha
Nerve,19000000,2016,Adventure|Mystery|Crime,2,2.97,https://boxd.it/aJIc,96,Emma Roberts|Dave Franco|Emily Meade
"Next to Me, Musical",0,2018,Comedy|Music|Drama,2,0,https://boxd.it/l002,48,Slaven Do�lo|Milica Majki?|Darko Ivi?
Next to Us,0,2024,Drama,3,3.03,https://boxd.it/nziE,130,Slaven Do�lo|Matea Milosavljevi?|Nikola Gli�i?
Now You See Me,75000000,2013,Thriller|Crime,3.5,3.38,https://boxd.it/2Bsu,116,Mark Ruffalo|Jesse Eisenberg|Woody Harrelson
Oculus,5000000,2013,Horror,3,3.2,https://boxd.it/4W9M,104,Karen Gillan|Brenton Thwaites|Katee Sackhoff
Oldboy,3000000,2003,Thriller|Mystery|Drama|Action,4,4.38,https://boxd.it/29R2,120,Choi Min-sik|Yoo Ji-tae|Kang Hye-jung
Over the Garden Wall,13500000,2014,Animation|Mystery|Family|Comedy,5,4.62,https://boxd.it/eqFw,109,Elijah Wood|Collin Dean
Pan's Labyrinth,19300000,2006,War|Fantasy|Drama,4,4.16,https://boxd.it/28No,118,Ivana Baquero|Sergi L�pez|Maribel Verd�
Parasite,11400000,2019,Comedy|Thriller|Drama,4.5,4.54,https://boxd.it/hTha,133,Song Kang-ho|Lee Sun-kyun|Cho Yeo-jeong
Passengers,110000000,2016,Romance|Drama|ScienceFiction,3.5,2.85,https://boxd.it/8lFu,116,Jennifer Lawrence|Chris Pratt|Michael Sheen
Phone Booth,13000000,2002,Thriller|Crime,3,3.32,https://boxd.it/285G,81,Colin Farrell|Kiefer Sutherland|Forest Whitaker
Piranha 3D,24000000,2010,Comedy|Horror,3,2.33,https://boxd.it/U5q,88,Elisabeth Shue|Jerry O'Connell|Steven R. McQueen
Piranha 3DD,7500000,2012,Comedy|Thriller|Horror,2.5,1.69,https://boxd.it/2qow,83,Danielle Panabaker|Matt Bush|Katrina Bowden
Pirates of the Caribbean: At World's End,300000000,2007,Adventure|Action|Fantasy,4.5,3.5,https://boxd.it/2aGu,169,Johnny Depp|Geoffrey Rush|Orlando Bloom
Pirates of the Caribbean: Dead Man's Chest,225000000,2006,Action|Adventure|Fantasy,4,3.68,https://boxd.it/2bfk,151,Johnny Depp|Orlando Bloom|Keira Knightley
Pirates of the Caribbean: Dead Men Tell No Tales,275000000,2017,Action|Fantasy|Adventure,3.5,2.69,https://boxd.it/5a9m,128,Johnny Depp|Javier Bardem|Geoffrey Rush
Pirates of the Caribbean: On Stranger Tides,379000000,2011,Adventure|Fantasy|Action,4,2.86,https://boxd.it/27Z4,137,Johnny Depp|Pen�lope Cruz|Geoffrey Rush
Pirates of the Caribbean: The Curse of the Black Pearl,140000000,2003,Fantasy|Adventure|Action,4,3.95,https://boxd.it/70G,143,Johnny Depp|Geoffrey Rush|Orlando Bloom
Poor Things,35000000,2023,Romance|ScienceFiction|Comedy,4.5,3.98,https://boxd.it/tNWU,141,Emma Stone|Mark Ruffalo|Willem Dafoe
Predestination,5000000,2014,ScienceFiction|Thriller,4.5,3.56,https://boxd.it/6bJM,97,Ethan Hawke|Sarah Snook|Noah Taylor
Primer,7000,2004,ScienceFiction|Drama|Thriller,3,3.6,https://boxd.it/6YA,77,Shane Carruth|David Sullivan|Casey Gooden
Prison School,0,2015,Animation|Comedy,3.5,3.49,https://boxd.it/py4A,288,Hiroshi Kamiya|Daisuke Namikawa|Kazuyuki Okitsu
Prisoners,46000000,2013,Thriller|Crime|Drama,4,4.3,https://boxd.it/4E5i,153,Hugh Jackman|Jake Gyllenhaal|Viola Davis
Project Almanac,12000000,2015,ScienceFiction|Thriller,3,3.04,https://boxd.it/6IP4,106,Jonny Weston|Sofia Black-D'Elia|Sam Lerner
Prometheus,130000000,2012,ScienceFiction|Horror|Adventure|Mystery,3.5,3.29,https://boxd.it/2s9e,124,Noomi Rapace|Michael Fassbender|Charlize Theron
Pulp Fiction,8250000,1994,Crime|Thriller,4.5,4.25,https://boxd.it/29Pq,154,John Travolta|Samuel L. Jackson|Uma Thurman
Raiders of the Lost Ark,20000000,1981,Adventure|Action,4,4.16,https://boxd.it/2bbs,115,Harrison Ford|Karen Allen|Paul Freeman
RoboCop,115000000,1987,Action|ScienceFiction|Thriller,4,3.91,https://boxd.it/22Wu,102,Peter Weller|Nancy Allen|Dan O'Herlihy
Saw,1200000,2004,Crime|Mystery|Horror,4.5,3.65,https://boxd.it/2aWW,103,Cary Elwes|Leigh Whannell|Danny Glover
Saw 3D,17000000,2010,Horror|Crime,,2.33,https://boxd.it/Znk,90,Tobin Bell|Costas Mandylor|Betsy Russell
Saw II,5000000,2005,Horror,,3.21,https://boxd.it/2aRs,93,Tobin Bell|Donnie Wahlberg|Shawnee Smith
Saw III,10000000,2006,Thriller|Horror|Crime,,2.97,https://boxd.it/2aRC,108,Tobin Bell|Shawnee Smith|Angus Macfadyen
Saw IV,10000000,2007,Crime|Horror|Thriller,,2.71,https://boxd.it/29Sa,93,Tobin Bell|Costas Mandylor|Scott Patterson
Saw V,10800000,2008,Crime|Thriller|Horror,,2.67,https://boxd.it/1SMa,95,Tobin Bell|Costas Mandylor|Scott Patterson
Saw VI,11000000,2009,Thriller|Horror,,2.89,https://boxd.it/1A2y,90,Tobin Bell|Costas Mandylor|Mark Rolston
Saw X,13000000,2023,Thriller|Horror|Mystery,,3.24,https://boxd.it/zUWk,118,Tobin Bell|Shawnee Smith|Synn�ve Macody Lund
Scary Movie,19000000,2000,Comedy,3.5,3.14,https://boxd.it/24CG,88,Anna Faris|Jon Abrahams|Marlon Wayans
Scary Movie 2,45000000,2001,Comedy,3,2.71,https://boxd.it/24Cw,82,Anna Faris|Regina Hall|Shawn Wayans
Scary Movie 3,48000000,2003,Comedy,2.5,2.71,https://boxd.it/24Be,84,Anna Faris|Simon Rex|Anthony Anderson
Scary Movie 4,40000000,2006,Comedy,3,2.29,https://boxd.it/24B4,83,Anna Faris|Regina Hall|Craig Bierko
Scary Movie 5,20000000,2013,Comedy,1.5,1.62,https://boxd.it/24AU,88,Ashley Tisdale|Simon Rex|Charlie Sheen
School of Rock,35000000,2003,Music|Comedy,4,3.77,https://boxd.it/28xK,110,Jack Black|Joan Cusack|Mike White
Se7en,30000000,1995,Crime|Mystery|Thriller,4.5,4.35,https://boxd.it/29zs,127,Morgan Freeman|Brad Pitt|Gwyneth Paltrow
Serial Experiments Lain,0,1998,Animation|Mystery|Drama,5,4.41,https://boxd.it/hYQE,316,Kaori Shimizu|Yoko Asada|Ayako Kawasumi
Sheitan Warrior,340000,2006,Comedy|Horror|Fantasy,3,3.08,https://boxd.it/3Lfi,94,Radovan Vujovi?|Sta�a Koprivica|Milo� Tanaskovi?
Shrek,60000000,2001,Adventure|Fantasy|Family|Animation|Comedy,5,4.11,https://boxd.it/29zi,90,Mike Myers|Eddie Murphy|Cameron Diaz
Shrek 2,70000000,2004,Romance|Family|Adventure|Comedy|Animation|Fantasy,4,4.1,https://boxd.it/29z8,92,Mike Myers|Eddie Murphy|Cameron Diaz
Shrek Forever After,150000000,2010,Adventure|Family|Animation|Fantasy|Comedy,4,2.92,https://boxd.it/1WRo,93,Mike Myers|Eddie Murphy|Cameron Diaz
Shrek the Third,160000000,2007,Adventure|Comedy|Fantasy|Family|Animation,3.5,2.89,https://boxd.it/29yY,93,Mike Myers|Eddie Murphy|Cameron Diaz
Shutter Island,80000000,2010,Mystery|Drama|Thriller,5,4.14,https://boxd.it/1U82,138,Leonardo DiCaprio|Mark Ruffalo|Ben Kingsley
Silent Hill,50000000,2006,Mystery|Horror,4,3.09,https://boxd.it/2a3C,125,Radha Mitchell|Sean Bean|Jodelle Ferland
Silent Hill: Revelation 3D,20000000,2012,Mystery|Thriller|Horror,2.5,1.9,https://boxd.it/eH8,94,Adelaide Clemens|Sean Bean|Radha Mitchell
Sinister,3000000,2012,Thriller|Horror|Mystery,3.5,3.35,https://boxd.it/2TnW,110,Ethan Hawke|Juliet Rylance|Vincent D'Onofrio
Skinning,550000,2010,Drama|Action|Crime,3.5,3.01,https://boxd.it/njk,97,Nikola Rako?evi?|Viktor Savi?|Bojana Novakovi?
Sky Hook,0,2000,War|Drama,4,3.86,https://boxd.it/3IhA,95,Neboj�a Glogovac|Ana Sofrenovi?|Nikola Kojo
Snow White and the Seven Dwarfs,1500000,1937,Animation|Family|Fantasy,4,3.43,https://boxd.it/2arO,83,Adriana Caselotti|Lucille La Verne|Harry Stockwell
Snowpiercer,40000000,2013,Drama|ScienceFiction|Action,3.5,3.68,https://boxd.it/3Icg,127,Chris Evans|Song Kang-ho|Ed Harris
Son of the Mask,92000000,2005,Adventure|Comedy|Family|Fantasy,2.5,1.24,https://boxd.it/1WNQ,94,Jamie Kennedy|Alan Cumming|Traylor Howard
Source Code,31900000,2011,Mystery|ScienceFiction|Thriller,4,3.47,https://boxd.it/fdo,93,Jake Gyllenhaal|Michelle Monaghan|Vera Farmiga
Space Jam,80000000,1996,Family|Adventure|Fantasy|Comedy|Animation|ScienceFiction,3.5,3.28,https://boxd.it/26YO,88,Michael Jordan|Wayne Knight|Theresa Randle
Spider-Man,139000000,2002,ScienceFiction|Action,4.5,3.82,https://boxd.it/2a8i,121,Tobey Maguire|Willem Dafoe|Kirsten Dunst
Spider-Man 2,200000000,2004,Action|ScienceFiction|Adventure,4,3.9,https://boxd.it/2a88,127,Tobey Maguire|Kirsten Dunst|James Franco
Spider-Man 3,304000000,2007,ScienceFiction|Adventure|Action,4.5,3.12,https://boxd.it/2a7Y,139,Tobey Maguire|Kirsten Dunst|James Franco
Spider-Man: Far From Home,160000000,2019,Adventure|ScienceFiction|Action,4,3.38,https://boxd.it/fegG,129,Tom Holland|Jake Gyllenhaal|Samuel L. Jackson
Spider-Man: Homecoming,175000000,2017,Action|Drama|Adventure|ScienceFiction,5,3.47,https://boxd.it/aboM,133,Tom Holland|Michael Keaton|Robert Downey Jr.
Spider-Man: No Way Home,200000000,2021,Action|Adventure|ScienceFiction,4.5,3.83,https://boxd.it/nwRw,148,Tom Holland|Zendaya|Benedict Cumberbatch
Spiral: From the Book of Saw,20000000,2021,Horror|Mystery,,2.06,https://boxd.it/meXk,93,Chris Rock|Samuel L. Jackson|Max Minghella
Spirited Away,19000000,2001,Family|Fantasy|Animation,5,4.45,https://boxd.it/2b4m,125,Rumi Hiiragi|Miyu Irino|Mari Natsuki
Squid Game,21400000,2021,Drama|Mystery,4,3.74,https://boxd.it/x1OG,495,Lee Jung-jae|Lee Byung-hun|Yim Si-wan
Steins;Gate,0,2011,Comedy|Animation|Mystery,5,4.41,https://boxd.it/psNE,625,Mamoru Miyano|Asami Imai|Kana Hanazawa
Steins;Gate 0,0,2018,Animation,4.5,3.99,https://boxd.it/px40,529,Mamoru Miyano|Sayuri Yahagi|Asami Imai
Strawberry in the Supermarket,0,2003,Adventure|Action|Comedy,3.5,3.37,https://boxd.it/1U0i,83,Branka Kati?|Sr?an '�ika' Todorovi?|Mirjana Karanovi?
Sweeney Todd: The Demon Barber of Fleet Street,50000000,2007,Drama|Horror,4.5,3.52,https://boxd.it/1PcS,116,Johnny Depp|Helena Bonham Carter|Alan Rickman
Tarzan,130000000,1999,Drama|Family|Adventure|Animation,4.5,3.71,https://boxd.it/18YO,88,Tony Goldwyn|Minnie Driver|Glenn Close
Ted,65000000,2012,Fantasy|Comedy,3.5,3.02,https://boxd.it/2pgc,107,Mark Wahlberg|Mila Kunis|Seth MacFarlane
Tenacious D in The Pick of Destiny,19500000,2006,Adventure|Fantasy|Comedy|Music,4.5,3.48,https://boxd.it/27go,93,Jack Black|Kyle Gass|JR Reed
Tenet,205000000,2020,Action|Thriller|ScienceFiction,4.5,3.41,https://boxd.it/leq4,150,John David Washington|Robert Pattinson|Elizabeth Debicki
Terminator 2: Judgment Day,51000000,1991,Thriller|Action|ScienceFiction,4.5,4.29,https://boxd.it/2aGY,137,Arnold Schwarzenegger|Linda Hamilton|Edward Furlong
Terminator Genisys,156500000,2015,Adventure|Action|ScienceFiction|Thriller,2,2.21,https://boxd.it/35s0,126,Emilia Clarke|Jai Courtney|Arnold Schwarzenegger
Terrifier,2000000,2016,Horror|Thriller,2,2.38,https://boxd.it/eRzg,85,David Howard Thornton|Jenna Kanell|Samantha Scaffidi
The Amazing Spider-Man,220000000,2012,ScienceFiction|Adventure|Action,3.5,3.4,https://boxd.it/27PI,136,Andrew Garfield|Emma Stone|Rhys Ifans
The Amazing Spider-Man 2,246500000,2014,Action|Adventure|ScienceFiction,3.5,3.04,https://boxd.it/3utM,141,Andrew Garfield|Emma Stone|Jamie Foxx
The Avengers,356000000,2012,ScienceFiction|Adventure|Action,3.5,3.67,https://boxd.it/1xFW,143,Robert Downey Jr.|Chris Evans|Mark Ruffalo
The Black Bomber,0,1992,Drama|ScienceFiction,4.5,3.62,https://boxd.it/3Ggg,116,Dragan Bjelogrli?|Anica Dobra|Sr?an '�ika' Todorovi?
The Blair Witch Project,475000,1999,Mystery|Horror,1.5,3.3,https://boxd.it/26ua,81,Rei Hance|Joshua Leonard|Michael C. Williams
The Boy in the Striped Pyjamas,12500000,2008,War|History|Drama,4,3.65,https://boxd.it/1NOK,94,Asa Butterfield|Vera Farmiga|David Thewlis
The Breakfast Club,1000000,1985,Drama|Comedy,4,3.76,https://boxd.it/27q4,98,Emilio Estevez|Judd Nelson|Molly Ringwald
The Butterfly Effect,13000000,2004,Thriller|ScienceFiction,5,3.53,https://boxd.it/27M0,113,Ashton Kutcher|Amy Smart|Melora Walters
The Butterfly Effect 2,0,2006,Drama|ScienceFiction|Thriller,2,1.94,https://boxd.it/1NIM,95,Eric Lively|Erica Durance|Dustin Milligan
The Butterfly Effect 3: Revelations,4500000,2009,Drama|ScienceFiction|Crime|Thriller,2,2.34,https://boxd.it/1KtY,90,Mia Serafino|Rachel Miner|Chris Carmack
The Cabin in the Woods,30000000,2011,Horror|Mystery,3.5,3.39,https://boxd.it/1zOc,95,Kristen Connolly|Fran Kranz|Chris Hemsworth
The Collection,10000000,2012,Horror|Thriller,3,2.83,https://boxd.it/4lKm,82,Josh Stewart|Emma Fitzpatrick|Christopher McDonald
The Collector,3000000,2009,Thriller|Horror,3.5,3.01,https://boxd.it/1BY4,88,Josh Stewart|Juan Fern�ndez|Michael Reilly Burke
The Conjuring,20000000,2013,Horror|Thriller,3.5,3.59,https://boxd.it/4sr2,112,Patrick Wilson|Vera Farmiga|Lili Taylor
The Craft,15000000,1996,Horror|Fantasy|Drama,3,3.56,https://boxd.it/1Zai,101,Robin Tunney|Fairuza Balk|Neve Campbell
The Curious Case of Benjamin Button,158500000,2008,Romance|Drama|Fantasy,5,3.65,https://boxd.it/23Fk,166,Brad Pitt|Cate Blanchett|Taraji P. Henson
The Dark Knight,185000000,2008,Action|Drama|Thriller|Crime,5,4.48,https://boxd.it/2b0k,152,Christian Bale|Heath Ledger|Aaron Eckhart
The Dark Knight Rises,230000000,2012,Thriller|Drama|Crime|Action,4.5,3.77,https://boxd.it/H3m,165,Christian Bale|Gary Oldman|Tom Hardy
The Dictator,82500000,2012,Comedy,4,2.91,https://boxd.it/2DEW,83,Sacha Baron Cohen|Ben Kingsley|Anna Faris
The Final Destination,40000000,2009,Horror|Mystery,2.5,2.13,https://boxd.it/1EmW,82,Bobby Campo|Shantel VanSanten|Mykelti Williamson
The Future Diary,0,2011,Animation|Drama|Mystery,3,3.3,https://boxd.it/qIFS,624,Misuzu Togashi|Tomosa Murata|Minoru Shiraishi
The Godfather,6000000,1972,Crime|Drama,4,4.54,https://boxd.it/2aNK,175,Marlon Brando|Al Pacino|James Caan
The Hobbit: An Unexpected Journey,200000000,2012,Fantasy|Action|Adventure,5,3.52,https://boxd.it/GZk,169,Martin Freeman|Ian McKellen|Richard Armitage
The Hobbit: The Battle of the Five Armies,250000000,2014,Fantasy|Action|Adventure,5,3.24,https://boxd.it/43aU,144,Ian McKellen|Martin Freeman|Richard Armitage
The Hobbit: The Desolation of Smaug,250000000,2013,Fantasy|Action|Adventure,5,3.43,https://boxd.it/nmS,161,Ian McKellen|Martin Freeman|Richard Armitage
The Hunger Games,80000000,2012,Fantasy|ScienceFiction|Adventure,4,3.73,https://boxd.it/2uds,142,Jennifer Lawrence|Josh Hutcherson|Liam Hemsworth
The Hunger Games: Catching Fire,130000000,2013,ScienceFiction|Adventure|Action,4,3.87,https://boxd.it/3sAw,146,Jennifer Lawrence|Josh Hutcherson|Liam Hemsworth
The Hunger Games: Mockingjay – Part 1,125000000,2014,Thriller|ScienceFiction|Adventure,3.5,3.29,https://boxd.it/4hka,123,Jennifer Lawrence|Josh Hutcherson|Liam Hemsworth
The Hunger Games: Mockingjay – Part 2,165000000,2015,Adventure|Action|ScienceFiction,3.5,3.38,https://boxd.it/4hk0,137,Jennifer Lawrence|Josh Hutcherson|Liam Hemsworth
The Incredible Hulk,137500000,2008,ScienceFiction|Action|Adventure,3,2.49,https://boxd.it/28dU,114,Edward Norton|Liv Tyler|Tim Roth
The Invisible Man,7000000,2020,ScienceFiction|Horror|Thriller,3.5,3.42,https://boxd.it/kWlA,124,Elisabeth Moss|Aldis Hodge|Storm Reid
The Lion King,45000000,1994,Animation|Family|Drama,5,4.22,https://boxd.it/201Q,89,Matthew Broderick|Moira Kelly|Nathan Lane
The Little Mermaid,240200000,1989,Family|Animation|Fantasy,4,3.69,https://boxd.it/1WYO,83,Jodi Benson|Samuel E. Wright|Pat Carroll
The Lobster,4000000,2015,Drama|Comedy|Romance,5,3.76,https://boxd.it/7tnw,119,Colin Farrell|Rachel Weisz|Olivia Colman
The Lord of the Rings: The Fellowship of the Ring,93000000,2001,Fantasy|Adventure|Action,5,4.38,https://boxd.it/2b5O,179,Elijah Wood|Ian McKellen|Viggo Mortensen
The Lord of the Rings: The Return of the King,94000000,2003,Fantasy|Adventure|Action,5,4.52,https://boxd.it/2b5u,201,Elijah Wood|Ian McKellen|Viggo Mortensen
The Lord of the Rings: The Two Towers,94000000,2002,Fantasy|Adventure|Action,5,4.41,https://boxd.it/2b5E,179,Elijah Wood|Ian McKellen|Viggo Mortensen
The Martian,108000000,2015,Drama|ScienceFiction|Adventure,4,3.77,https://boxd.it/8SeG,141,Matt Damon|Jessica Chastain|Kristen Wiig
The Marvels,374000000,2023,ScienceFiction|Action|Adventure,2.5,2.56,https://boxd.it/mwU4,105,Brie Larson|Teyonah Parris|Iman Vellani
The Mask,20500000,1994,Fantasy|Romance|Crime|Comedy,4,3.37,https://boxd.it/29rS,101,Jim Carrey|Peter Riegert|Peter Greene
The Matrix,63000000,1999,ScienceFiction|Action,5,4.17,https://boxd.it/2a1m,136,Keanu Reeves|Laurence Fishburne|Carrie-Anne Moss
The Matrix Reloaded,150000000,2003,Thriller|Action|ScienceFiction|Adventure,4,3.38,https://boxd.it/2a1c,138,Keanu Reeves|Laurence Fishburne|Carrie-Anne Moss
The Matrix Revolutions,130000000,2003,Thriller|ScienceFiction|Adventure|Action,4,3.11,https://boxd.it/2a12,129,Keanu Reeves|Laurence Fishburne|Carrie-Anne Moss
The Maze Runner,34000000,2014,ScienceFiction|Action|Mystery|Thriller,4.5,3.42,https://boxd.it/5YPM,113,Dylan O'Brien|Kaya Scodelario|Aml Ameen
The Menu,30000000,2022,Comedy|Thriller|Horror,4,3.53,https://boxd.it/lScm,107,Anya Taylor-Joy|Ralph Fiennes|Nicholas Hoult
The Ninth Gate,38000000,1999,Horror|Thriller|Mystery,,3.08,https://boxd.it/29YM,133,Johnny Depp|Frank Langella|Lena Olin
The Penguin,0,2024,Drama|Crime,4.5,4.46,https://boxd.it/QkIU,466,Colin Farrell|Cristin Milioti|Rhenzy Feliz
The Platform,1200000,2019,Drama|ScienceFiction|Thriller,4.5,3.24,https://boxd.it/mUm6,95,Ivan Massagu�|Antonia San Juan|Zorion Eguileor
The Platform 2,2000000,2024,Thriller|ScienceFiction|Horror,4,2.13,https://boxd.it/Gz88,101,Milena Smit|Hovik Keuchkerian|Natalia Tena
The Prestige,40000000,2006,ScienceFiction|Drama|Mystery,5,4.25,https://boxd.it/293w,130,Hugh Jackman|Christian Bale|Michael Caine
The Purge,3000000,2013,ScienceFiction|Thriller|Horror,3,2.73,https://boxd.it/4Xg0,86,Ethan Hawke|Lena Headey|Max Burkholder
The Purge: Anarchy,9000000,2014,Horror|Thriller,3,2.85,https://boxd.it/71zk,103,Frank Grillo|Carmen Ejogo|Zach Gilford
The Purge: Election Year,10000000,2016,Action|Horror|Thriller,3,2.66,https://boxd.it/ae5I,109,Elizabeth Mitchell|Frank Grillo|Mykelti Williamson
The Queen's Gambit,0,2020,Drama,4,4.23,https://boxd.it/s1Ym,393,Anya Taylor-Joy|Chloe Pirrie
The Road to El Dorado,95000000,2000,Comedy|Family|Fantasy|Animation|Adventure,4.5,3.63,https://boxd.it/1W6s,89,Kenneth Branagh|Kevin Kline|Rosie Perez
The Silence of the Lambs,19000000,1991,Horror|Crime|Thriller|Drama,5,4.34,https://boxd.it/2aHW,119,Jodie Foster|Anthony Hopkins|Scott Glenn
The SpongeBob SquarePants Movie,30000000,2004,Adventure|Comedy|Fantasy|Family|Animation,4,3.9,https://boxd.it/1SYq,87,Tom Kenny|Clancy Brown|Rodger Bumpass
The Substance,17500000,2024,Horror|ScienceFiction,3,3.79,https://boxd.it/zanS,141,Demi Moore|Margaret Qualley|Dennis Quaid
The Terminal,60000000,2004,Comedy|Drama,4.5,3.62,https://boxd.it/2a2O,128,Tom Hanks|Catherine Zeta-Jones|Stanley Tucci
The Terminator,6400000,1984,Thriller|Action|ScienceFiction,4,3.89,https://boxd.it/2aQY,108,Arnold Schwarzenegger|Michael Biehn|Linda Hamilton
The Truman Show,60000000,1998,Comedy|Drama,4.5,4.22,https://boxd.it/18U8,103,Jim Carrey|Laura Linney|Noah Emmerich
The Union,0,2024,Action|Comedy,2,2.01,https://boxd.it/qkD4,109,Mark Wahlberg|Halle Berry|J.K. Simmons
The Village,65700000,2004,Mystery|Drama|Thriller,3,3.34,https://boxd.it/21iS,108,Bryce Dallas Howard|Joaquin Phoenix|Adrien Brody
The Void,0,2016,Horror|ScienceFiction|Mystery,3,3.01,https://boxd.it/d93S,90,Aaron Poole|Kathleen Munroe|Art Hindle
The Watchers,30000000,2024,Mystery|Fantasy|Horror,3,2.42,https://boxd.it/F6Rw,102,Dakota Fanning|Georgina Campbell|Olwen Fou�r�
The Wolverine,116000000,2013,ScienceFiction|Action|Adventure,3.5,2.99,https://boxd.it/2CWU,126,Hugh Jackman|Hiroyuki Sanada|Tao Okamoto
The Wounds,800000,1998,Crime|War|Comedy|Drama,4.5,3.8,https://boxd.it/CjO,103,Dragan Bjelogrli?|Du�an Peki?|Milan Mari?
Time Lapse,0,2014,Thriller|ScienceFiction|Mystery|Horror,3.5,3.14,https://boxd.it/8hCQ,104,Danielle Panabaker|Matt O'Leary|George Finn
Time Trap,1000000,2017,Adventure|ScienceFiction,3.5,2.53,https://boxd.it/ggMw,87,Andrew Wilson|Cassidy Gifford|Brianne Howey
Train to Busan,8500000,2016,Thriller|Horror|Action,3.5,3.97,https://boxd.it/dSQU,118,Gong Yoo|Kim Su-an|Jung Yu-mi
Tusk,3000000,2014,Comedy|Horror,2,2.4,https://boxd.it/7eoa,105,Justin Long|Michael Parks|Genesis Rodriguez
Underground,14000000,1995,Comedy|Drama|War,4.5,4.29,https://boxd.it/1SOA,170,Miki Manojlovi?|Lazar Ristovski|Mirjana Jokovi?
Upgrade,3000000,2018,ScienceFiction|Action|Thriller,3,3.65,https://boxd.it/i4gW,100,Logan Marshall-Green|Betty Gabriel|Harrison Gilbertson
Vampire Hunter D: Bloodlust,0,2000,Fantasy|Animation|Action|Horror|Adventure|ScienceFiction,4,4.11,https://boxd.it/1L3i,103,Yoko Soumi|Hideyuki Tanaka|Koichi Yamadera
Venom,108000000,2018,ScienceFiction|Action,5,2.9,https://boxd.it/b8wA,112,Tom Hardy|Michelle Williams|Riz Ahmed
Venom: Let There Be Carnage,110000000,2021,Adventure|ScienceFiction|Action,5,2.51,https://boxd.it/llco,97,Tom Hardy|Woody Harrelson|Michelle Williams
Venom: The Last Dance,120000000,2024,Action|ScienceFiction|Adventure,5,2.51,https://boxd.it/ynqo,109,Tom Hardy|Chiwetel Ejiofor|Juno Temple
What Happened to Monday,20000000,2017,Drama|ScienceFiction|Thriller|Action|Mystery,3.5,3.12,https://boxd.it/ejUu,123,Noomi Rapace|Glenn Close|Willem Dafoe
Wheels,0,1998,Thriller|Drama|Comedy,3.5,3.5,https://boxd.it/1zuc,92,Dragan Mi?anovi?|Anica Dobra|Ljubi�a Samard�i?
"When I Grow Up, I'll Be a Kangaroo",0,2004,Comedy,4,3.98,https://boxd.it/syY,107,Sergej Trifunovi?|Marija Karan|Neboj�a Glogovac
Would You Rather,0,2012,Horror|Thriller,3,2.63,https://boxd.it/3m0W,93,Brittany Snow|Jeffrey Combs|Jonny Coyne
Wrong Turn,12600000,2003,Horror|Thriller,2.5,2.8,https://boxd.it/1Xzq,84,Eliza Dushku|Desmond Harrington|Emmanuelle Chriqui
Wrong Turn 2: Dead End,4000000,2007,Horror|Thriller,2.5,2.67,https://boxd.it/1QDA,96,Erica Leerhsen|Henry Rollins|Texas Battle
Wrong Turn 3: Left for Dead,2000000,2009,Thriller|Horror,2,2.08,https://boxd.it/1yJ6,91,Tom Frederic|Janet Montgomery|Louise Cliffe
X-Men Origins: Wolverine,175000000,2009,ScienceFiction|Adventure|Action,4,2.46,https://boxd.it/27ug,107,Hugh Jackman|Liev Schreiber|Danny Huston
Yes Man,70000000,2008,Comedy|Romance,3.5,3.12,https://boxd.it/1WPW,104,Jim Carrey|Zooey Deschanel|Bradley Cooper
Yu-Gi-Oh!,0,1998,Family|Animation|Comedy,5,3.8,https://boxd.it/u3RQ,648,Megumi Ogata|Toshiyuki Morikawa|Yumi Kakazu
Zombieland,23600000,2009,Comedy|Horror,3.5,3.53,https://boxd.it/1En6,88,Jesse Eisenberg|Woody Harrelson|Emma Stone
Heretic,10000000,2024,Thriller|Horror,4,3.35,https://boxd.it/H1lY,111,Hugh Grant|Sophie Thatcher|Chloe East
